Dataset,Compression,Comparison,t_statistic,p_value,significant
CIFAR100,2.3x_ResNet18,HPM-KD vs Direct,4.157941257669506,0.003174171471133317,True
CIFAR100,2.3x_ResNet18,HPM-KD vs TraditionalKD,-1.175125352033604,0.27373231432147405,False
CIFAR100,5x_ResNet10,HPM-KD vs Direct,2.7550664628688986,0.024863532134073368,True
CIFAR100,5x_ResNet10,HPM-KD vs TraditionalKD,-0.6676903322800235,0.5231219406005255,False
CIFAR100,7x_MobileNetV2,HPM-KD vs Direct,8.179924849189588,3.71948291160985e-05,True
CIFAR100,7x_MobileNetV2,HPM-KD vs TraditionalKD,-3.60849841329855,0.0068966859457429515,True
