Dataset,Baseline,Teacher_Acc,Student_Acc_Mean,Student_Acc_Std,Retention_%,Train_Time_Mean,Train_Time_Std,N_Runs
CIFAR10,Direct,79.28,68.09599999999999,0.48023327664791965,85.89303733602421,593.7299391269684,10.889195853164532,5
CIFAR10,TraditionalKD,79.28,67.11600000000001,0.8208678334543275,84.65691220988901,577.9963468551636,6.222764533260693,5
CIFAR10,FitNets,79.28,62.66400000000001,0.7582506181995511,79.04137235116046,592.355407333374,5.882848072895549,5
CIFAR10,AT,79.28,66.46400000000001,0.4267833173871726,83.83451059535824,588.3423687458038,6.056107155319659,5
CIFAR10,TAKD,79.28,67.444,0.398978696173115,85.07063572149345,655.5010866641999,66.02007881359108,5
CIFAR10,HPM-KD,79.28,67.73600000000002,0.5007434472861337,85.43895055499497,603.1281747817993,52.00514960697937,5
