method,test_accuracy,train_accuracy,training_time,retention,teacher_accuracy,best_temperature,best_alpha,n_configs_tried
Direct Training,65.54285714285714,65.90892857142858,4.026098966598511,,,,,
Traditional KD,68.54285714285714,,5.105457544326782,70.97633136094676,96.57142857142857,,,
HPM-KD,91.67142857142856,,99.16156363487244,94.92603550295857,96.57142857142857,,,0.0
